{"train_loss": [0.4012288900464773, 0.3299051760882139, 0.3284081312268972, 0.32766477786004544, 0.3273906245082617, 0.3268734633922577], "train_precision": [0.5211406643632525, 0.8190267561390925, 0.8380884312273174, 0.8370380167210422, 0.8454532028136177, 0.851952294808847], "train_recall": [0.46092533415165815, 0.8106165577979726, 0.8265311793974084, 0.8359503834609475, 0.8382788883640615, 0.8441851309100457], "train_f1": [0.4730133392933582, 0.8103011250860086, 0.827945503219625, 0.8333163061833665, 0.8391259458134128, 0.8455366807426589], "train_acc": [0.98699375, 0.9940425, 0.9945875, 0.9947725, 0.99495125, 0.99516875], "dev_loss": [0.3322091453522444, 0.32850234895944597, 0.32795173771679403, 0.32780095145106314, 0.3281800448894501, 0.3286355669051409], "dev_precision": [0.718509452149158, 0.8085253635253636, 0.8011485112110113, 0.8645304164789459, 0.7505059862523098, 0.7547698147440794], "dev_recall": [0.7872374876585403, 0.8163648914402591, 0.8336807957157221, 0.8220549381174382, 0.836505367998015, 0.8402550474443856], "dev_f1": [0.7394612774681102, 0.8005668776946151, 0.8065732028713117, 0.8325324069163207, 0.7797246189669258, 0.7829474197168074], "dev_acc": [0.99217, 0.994425, 0.99432, 0.995265, 0.99335, 0.99332]}