{"train_loss": [0.510829107016325, 0.35034574270248414, 0.342369714230299, 0.3349268006533384, 0.33096629500389096, 0.32992624029517176, 0.3293119399249554, 0.32874618366360664, 0.3288111297041178], "train_precision": [0.04125, 0.8017599827554795, 0.6847882111715029, 0.6946678363511818, 0.7704662198220561, 0.7967832022543871, 0.8135935340621984, 0.8309375949167932, 0.8304011662163806], "train_recall": [0.0015693952605058698, 0.5557048399074498, 0.6706959300758569, 0.7780621306987028, 0.8085869695129111, 0.8165809954022625, 0.8197757078440617, 0.8224145770642304, 0.8218962559197196], "train_f1": [0.0030140343987621596, 0.6368422618266094, 0.6728949165449057, 0.730424390874706, 0.7861101458806717, 0.8032595160223375, 0.8138371268616166, 0.8237734896010446, 0.8234967310970677], "train_acc": [0.9841675, 0.9905675, 0.98988125, 0.99099375, 0.9931525, 0.99376, 0.99415625, 0.99453875, 0.99451375], "dev_loss": [0.37121681436896325, 0.3442808423191309, 0.33950803786516187, 0.33228264190256596, 0.3300616269558668, 0.33065719678997996, 0.32909100204706193, 0.3287720201164484, 0.3289520239084959], "dev_precision": [0.44375, 0.6889655952707423, 0.5970991463601757, 0.7262693054494526, 0.7562171309083072, 0.6785853001165502, 0.839141611248229, 0.8133216817904318, 0.8226930777555779], "dev_recall": [0.07528707148115042, 0.6281697607947607, 0.7224525335775336, 0.7895925891918538, 0.8186828214677478, 0.8270483756439638, 0.8097705315517816, 0.8160756469837352, 0.8132526397213898], "dev_f1": [0.12577390664890664, 0.6395474472175222, 0.6405361564704768, 0.7442930007060806, 0.7742069788159145, 0.7324850852717287, 0.8130023880528029, 0.8030588896970934, 0.8066087312118497], "dev_acc": [0.985915, 0.990045, 0.98841, 0.992305, 0.993265, 0.991535, 0.994675, 0.9944, 0.994525]}