{"train_loss": [0.4019140817970037, 0.3299282216280699, 0.3285216020047665, 0.32800649411976335, 0.3274380332231522, 0.3272429981082678, 0.32681975841522215, 0.32664428718388083, 0.32619922295212744, 0.32610858462750913, 0.3255503074079752, 0.32555230244994166, 0.32530355468392375, 0.32491034738719465, 0.3250104819983244], "train_precision": [0.4587946962755282, 0.8124780505965745, 0.8239123635939473, 0.8449435299241318, 0.8457318194732906, 0.8521971885773156, 0.8645539434146872, 0.852338083185046, 0.8689814947003726, 0.8733571756910442, 0.8815676599270783, 0.8895191582537145, 0.893615646341108, 0.9057504023164695, 0.9065416796783207], "train_recall": [0.4357343642176525, 0.8110914333580486, 0.827158885730183, 0.8306680170993619, 0.8376627842367768, 0.8383023732204594, 0.841230354893916, 0.8474738975222533, 0.8504118414590919, 0.8485243566718356, 0.8572256975560449, 0.8542093014158395, 0.8574209941610818, 0.8614106634079443, 0.8597929273680904], "train_f1": [0.43591275698586834, 0.8069498472637656, 0.8221890030733999, 0.8347846147684447, 0.8385082125161376, 0.8422589588143597, 0.8503459414318811, 0.8473840030374902, 0.8571972229256207, 0.8587920661210185, 0.8668873121661755, 0.869516848481076, 0.873039624626549, 0.8812620061835051, 0.8808023312609768], "train_acc": [0.988095, 0.9938975, 0.994385, 0.99482875, 0.99494875, 0.99509125, 0.9954075, 0.995215, 0.99558625, 0.9956775, 0.99589125, 0.99601125, 0.99612375, 0.99637375, 0.9963775], "dev_loss": [0.3324614556878805, 0.3292761016637087, 0.3283916177600622, 0.32749500676989557, 0.32770497776567936, 0.3278796422481537, 0.3271798253059387, 0.3267695289850235, 0.32676499158143996, 0.3267301716655493, 0.32667515963315963, 0.326799970343709, 0.32629397660493853, 0.3266664183139801, 0.32703125312924386], "dev_precision": [0.6107042506534573, 0.9105039682539683, 0.886554788348906, 0.8351360540044752, 0.8551686716061715, 0.8124722118159619, 0.7972436595267479, 0.8401598748473748, 0.8635009365634366, 0.8810334808165691, 0.8415206148018648, 0.8801555978743479, 0.8808441627816629, 0.8688042374292374, 0.8841359065770831], "dev_recall": [0.826712488352291, 0.7913680416805416, 0.8005158036408037, 0.8292158867534255, 0.8189249361749361, 0.8307792311854812, 0.8457583933631727, 0.8353972555222555, 0.8322247062577943, 0.8327944555444554, 0.8477756549006549, 0.8285098824786324, 0.8374223797036296, 0.8269663881869763, 0.8241254162504164], "dev_f1": [0.6918491510127791, 0.835753830428457, 0.8304062253956326, 0.8209236563549414, 0.8258760816244126, 0.8098797258924435, 0.8083556649203237, 0.8260315174940597, 0.8378879916244198, 0.8457030001386172, 0.8327273956532089, 0.8429183302399398, 0.8487338518700631, 0.8371172746366575, 0.8423108731108562], "dev_acc": [0.989425, 0.99562, 0.995445, 0.994945, 0.995305, 0.994435, 0.99441, 0.99523, 0.995495, 0.995715, 0.995085, 0.995705, 0.995765, 0.995595, 0.995725]}