{"train_loss": [0.700336132645607, 0.4577065773308277], "train_precision": [0.04535480637747273, 0.0025], "train_recall": [0.7666294279681451, 8.620689655172413e-05], "train_f1": [0.045169356262345695, 0.00016666666666666666], "train_acc": [0.31402625, 0.98417875], "dev_loss": [0.6341242498159408, 0.3838631305098534], "dev_precision": [0.0025, 0.0], "dev_recall": [0.00035714285714285714, 0.0], "dev_f1": [0.000625, 0.0], "dev_acc": [0.98483, 0.98482]}